44,54.8,174.68,223.39,4
56,55.4,169.86,217.76,5
61,54,165.61,213,6
57,55.4,164.59,211.31,0
59,61.8,170.32,216.81,1
76,64.2,175.2,223.31,2
68,66.4,180.41,230.6,3
72,70.4,187.46,239.97,4
77,71.4,192.72,248.05,5
64,69.2,194.41,252.07,6
65,70,197.27,255.97,0
72,71,200.52,259.86,1
77,68.4,200.46,260.25,2
64,69,201.78,261.07,3
67,71,204.38,263.32,4
75,70.8,205.54,264.68,5
71,71,206.45,265.77,6
78,72.8,208.57,268.16,0
73,74.2,211.01,271.3,1
74,74.2,212.61,273.78,2
75,71,210.5,272.39,3
55,68.2,206.87,268.5,4
64,67.2,204.27,264.72,5
68,65.2,200.73,259.85,6
64,64,197.29,254.89,0
69,66.2,197.27,253.38,1
66,65.2,195.68,251.24,2
59,64.4,193.59,248.73,3
64,63.8,191.38,246.17,4
61,62.2,188.17,242.65,5
61,62.2,186.32,240.19,6
66,66.6,189.55,242.9,0
81,69.2,193.5,247.59,1
77,68.8,195.33,250.82,2
59,69,196.95,253.51,3
62,67,195.96,253.41,4
56,69,197.83,255.38,5
91,65.4,195.36,253.31,6
59,67.4,196.46,253.79,0
69,66.4,196.15,253.24,1
57,68,197.79,254.43,2
64,62,192.32,249.07,3
61,62,189.43,244.91,4
59,57.8,183.29,237.6,5
48,58,179.9,232.32,6
58,57,176.58,227.47,0
59,59.2,176.26,225.91,1
72,62,178.47,227.75,2
73,67,184.02,234.02,3
73,64.4,184.13,236.17,4
45,66.2,186.17,239.5,5
68,63.6,185.2,239.73,6
59,67.6,189.11,243.91,0
93,64.6,188.59,244.28,1
58,66.6,190.91,246.54,2
55,63.8,189.67,245.5,3
54,61.8,187.32,242.59,4
49,54,178.22,232.45,5
54,53,172.04,223.56,6
53,52.8,167.98,216.85,0
54,53.4,165.42,212.31,1
57,55,165.03,210.65,2
57,55.4,164.16,209.58,3
56,53.4,161.36,206.95,4
43,52.6,158.56,204.06,5
50,52,156.2,201.45,6
54,52.2,154.85,199.81,0
58,58.2,160.4,205.02,1
86,64.6,169.52,215.38,2
75,67.8,177.72,226.36,3
66,70,184.93,236.76,4
65,73.6,193.17,248.07,5
76,74,198.84,256.94,6
88,71.8,201.04,261.5,0
64,71.2,202.97,264.36,1
63,69.6,203.47,264.94,2
57,63.8,198.82,259.57,3
47,53.8,186.65,245.2,4
38,53.4,179.5,233.66,5
62,53.2,174.25,224.63,6
62,57.4,174.34,221.93,0
78,59.6,175,221.9,1
58,64.2,178.99,226.46,2
61,63,179.37,228.8,3
56,62,178.55,229.59,4
57,57,173.17,225.27,5
53,56.8,170.65,222.16,6
57,57.2,170.34,220.79,0
63,55.8,168.8,218.39,1
49,57.2,169.49,217.99,2
64,61.6,173.79,221.86,3
75,65.4,179.44,228.44,4
76,66.8,183.45,234.52,5
70,67.6,186.74,239.94,6
53,66,187.4,242.46,0
56,64,186.76,242.64,1
65,62.2,185.23,240.98,2
67,57.8,180.37,235.31,3
48,60,180.38,233.34,4
64,59.6,179.65,231.39,5
54,63.4,182.6,233.47,6
84,63.4,183.48,234.82,0
67,70.8,191.15,243.15,1
85,66.8,190.85,245.36,2
44,71.4,195.97,251.7,3
77,68,195.57,253.17,4
67,70.6,198.78,256.98,5
80,70.6,201.18,260.08,6
85,75,207.29,266.68,0
66,69.4,205.36,266.05,1
49,66.6,202.16,262.57,2
53,60.2,194.41,253.56,3
48,53.2,182.82,239.38,4
50,50.2,173.5,225.97,5
51,48.6,165.55,214.06,6
41,51.2,162.87,207.92,0
66,56.6,165.21,208.56,1
75,57.4,165.96,209.84,2
54,63.2,171.12,216.36,3
80,67.8,178.19,226.16,4
64,72.6,186.92,238.47,5
90,70.2,190.1,245.66,6
63,72.6,195.96,253.85,0
66,67.2,194.97,254.76,1
53,64.4,193.18,252.73,2
50,57.4,185.91,244.07,3
55,56.6,181.4,236.46,4
59,53.8,175.83,227.92,5
52,53.2,171.39,220.58,6
50,57,171.63,218.61,0
69,57.2,170.46,217.07,1
56,56.4,168.47,215.25,2
55,65,175.26,222.35,3
95,69.6,183.05,232.58,4
73,71.8,189.66,242.61,5
80,73,195.59,251.72,6
62,73.6,200.42,259.2,0
58,68.2,198.9,259.57,1
68,69.8,201.03,261.48,2
81,63.2,195.85,256.1,3
47,61.4,192.02,250.26,4
53,59.8,188.56,244.32,5
50,56.2,182.27,235.78,6
50,53.2,175.09,226.11,0
66,55.4,172.47,220.94,1
58,54.4,168.77,216,2
48,53.2,164.62,211.05,3
44,51.8,160.61,206.25,4
43,55.2,161.03,205.96,5
83,61.6,167.29,212.51,6
90,63.2,171.85,219.12,0
56,64,175.39,224.97,1
48,67.2,181.22,232.77,2
59,68.4,186.29,239.98,3
89,69,190.22,245.86,4
93,67,191.21,248.33,5
46,67.2,192.95,250.46,6
49,65.4,192.87,250.32,0
50,62.2,190.03,246.83,1
73,53.6,179.8,235.26,2
50,61,181.76,233.88,3
83,64,184.71,235.81,4
64,66.4,187.96,239.47,5
62,65,187.96,240.75,6
66,65.6,188.59,242.28,0
53,64.4,187.85,242.34,1
77,68.4,191.53,246.37,2
84,68.4,193.48,249.49,3
62,65.4,192.08,249.02,4
51,64.4,191.61,248.14,5
48,62.4,189.19,245.07,6
67,60.8,186.16,241,0
76,58.6,181.99,235.61,1
51,64,184.98,237.05,2
78,68.6,190.48,242.69,3
71,69.8,194.46,248.19,4
73,74,200.69,256.29,5
97,81.4,211.56,269.77,6
88,80.8,217.35,279.44,0
75,84.4,225.29,290.36,1
89,85.2,231.51,299.45,2
77,80.8,231.86,301.97,3
75,83,235.95,306.17,4
99,88,243.57,314.03,5
100,90.2,250.09,321.86,6
100,89.2,253.34,326.66,0
72,86.2,252.77,327.03,1
60,83.6,250.07,324.29,2
86,77.6,243,316.27,3
70,73.6,235.13,306.05,4
80,73,229.86,297.74,5
69,75.2,228.82,293.95,6
71,68.6,220.67,284.39,0
53,67.2,214.12,275.54,1
63,69,211.17,270.57,2
89,73,212.38,270.91,3
89,69.6,208.76,267.93,4
54,71.2,208.26,267.44,5
61,78.4,215.12,274.61,6
99,75.8,216.06,277.61,0
76,70.2,211.52,274.3,1
61,72.6,211.79,274.09,2
66,78,217.65,279.7,3
88,77,219.86,282.99,4
94,81.8,226.26,290.16,5
100,83.8,231.59,297.31,6
71,85.2,236.65,304.26,0
73,83.2,237.99,307.39,1
78,76.4,232.14,302.53,2
60,73.6,227.06,296.23,3
86,73.8,225.11,292.02,4
72,75.4,225.33,290.32,5
81,75.6,224.88,288.95,6
79,76.8,225.66,289.18,0
66,72.2,220.84,284.48,1
63,68.8,214.61,277.44,2
55,67.2,209.11,270.48,3
73,64.2,202.56,262.38,4
64,68.4,203.13,260.88,5
87,72.8,207.17,264.31,6
85,70.8,206.81,264.88,0
45,69.2,204.95,263.61,1
65,67.6,202.28,261.05,2
56,61.4,194.36,252.86,3
56,58,186.97,243.58,4
68,68.8,193.61,247.61,5
99,73,200.37,254.93,6
86,76.4,207.54,263.98,0
73,81,216.02,275.13,1
79,85.8,225.43,288.05,2
92,82.4,227.86,294.45,3
82,78.4,226.56,295.34,4
66,78.6,227.26,296.3,5
74,79.2,229.38,297.97,6
82,74.6,226.89,294.81,0
69,74,224.93,291.23,1
79,75.6,225.19,289.91,2
74,75,224.19,288.13,3
71,73.2,221.28,284.74,4
73,72,217.82,280.72,5
63,73.4,217.13,279.3,6
86,73,216.16,278.06,0
72,72.8,215.17,276.92,1
70,77,218.53,280.23,2
94,84.4,227.73,290.37,3
100,80.4,228.63,294.01,4
66,74.8,224.23,291.05,5
44,72.2,219.96,286.26,6
57,65.6,211.33,276.18,0
61,56.6,197.86,259.68,1
55,53,186.65,243.62,2
48,51.8,178.34,230.41,3
38,52.4,173.08,221.11,4
60,51.2,167.21,212.69,5
55,55.4,166.2,210.17,6
76,57.2,166.05,210.3,0
57,59,167.14,212.51,1
47,61,169.26,216.32,2
70,62.6,172.19,221.14,3
63,59.6,171.58,222.27,4
61,63.8,176.37,227.52,5
78,66.2,181.68,233.92,6
59,66.2,185.01,238.69,0
70,67.6,189.05,243.73,1
70,74.4,198.35,254.08,2
95,71.2,200.37,258.54,3
62,72.2,203.39,262.78,4
64,69,202.3,262.65,5
54,67.6,200.89,261.06,6
63,61,194.16,253.44,0
62,62.4,192.04,248.89,1
69,66.8,194.67,249.74,2
86,67.8,196.51,251.38,3
59,66.6,196.07,251.32,4
57,67,195.67,251.3,5
64,63,191.46,247.47,6
49,54.6,180.73,236.14,0
44,60,180.55,233.22,1
86,57.2,176.72,228.31,2
43,61,178.67,228.79,3
83,67,185.1,235.08,4
79,73.8,194.59,246.35,5
78,62.8,188.5,243.74,6
31,63.6,187.18,242.66,0
47,56.6,179.39,234.82,1
48,50,169.12,222.57,2
46,49.2,163.38,213.05,3
74,63,173.02,219.41,4
100,64.2,178.26,225.54,5
53,62,178.67,227.72,6
37,65.2,181.92,232.21,0
62,60.2,177.88,230.2,1
49,48.8,165.4,217.92,2
43,47,157.23,206.86,3
44,49,154.7,200.95,4
47,45,149.08,192.9,5
42,47,147.87,188.9,6
59,52.4,150.74,190.53,0
70,56.6,155.29,195.88,1
65,57.6,158.31,201.02,2
52,58.4,160.38,205.49,3
46,59.6,163.12,210.33,4
65,56.6,162.8,211.6,5
55,49.4,156.38,205.45,6
29,46.8,150.9,198.13,0
39,48.2,149.7,194.26,1
53,45.4,145.78,188.45,2
51,39.8,137.45,178.19,3
27,51.6,144.06,182.05,4
88,53.2,147.65,186.5,5
47,53.2,149.17,189.78,6
53,51.6,148.24,190.58,0
43,64.2,160.64,203.95,1
90,63.2,166.44,213.38,2
83,67,174.62,224.4,3
66,70,182.82,235.59,4
68,74.8,193.34,248.93,5
67,65.2,191.12,249.66,6
42,62.8,188.62,247.14,0
71,60,185.11,242.36,1
52,61.2,184.82,239.97,2
74,60.2,183.82,237.27,3
62,62.4,184.53,236.74,4
53,56.2,178.38,230.2,5
40,53.4,172.02,222.27,6
38,58.4,172.82,221.16,0
99,59.4,172.7,221.06,1
67,67,180.35,229.12,2
91,77.2,194.39,245.51,3
91,81.4,206.4,262.15,4
59,70.6,203,263.77,5
45,64.2,196.74,258.63,6
35,52.6,182.53,243.06,0
33,46.8,170.12,225.93,1
62,50.8,167.31,217.24,2
79,53,166.42,212.64,3
56,58.2,170.09,214.34,4
61,58.8,171.15,215.78,5
36,54,165.53,211.49,6
38,46.4,154.07,200.43,0
41,48.2,149.94,194.55,1
65,56,154.91,198.3,2
100,62.2,163.73,207.96,3
67,65.8,172.54,219.13,4
56,69.2,181.04,230.69,5
58,65,182.05,235.03,6
44,58.8,177.16,231.8,0
69,53.2,169.67,223.74,1
39,60.6,173.74,225.36,2
93,58,173.48,224.41,3
45,59.6,175.32,225.19,4
52,54,170.19,219.74,5
41,64.2,177.35,225.5,6
90,57.6,173.39,223.02,0
60,61,174.63,224.37,1
62,66.2,180.34,230.82,2
78,71.6,189.09,241.4,3
68,63,186.01,241.05,4
47,60.6,182.66,237.98,5
48,57,177.82,232.22,6
44,50.2,168.45,221.01,0
44,47.6,161.29,210.31,1
55,52.4,160.84,206.52,2
71,60.2,167.72,211.85,3
87,62.8,172.91,218.25,4
57,61.8,174.13,221.76,5
39,61.8,174.43,224.09,6
55,63.2,176.64,227.72,0
78,60.2,175.16,227.58,1
72,64,178.9,231.47,2
76,68.8,186.41,239.58,3
63,68.4,190.73,245.4,4
53,63.4,188.66,244.5,5
53,62.6,187.03,242.59,6
68,60.2,183.71,238.6,0
64,61.8,183.63,237.27,1
71,61.8,183.33,236.27,2
53,67.8,188.94,241.45,3
83,65.2,189.27,242.89,4
55,60.2,184.59,238.77,5
39,56.6,178.35,231.8,6
53,58.4,176.58,228.4,0
62,60.8,177.76,228.53,1
95,61.6,178.82,229.47,2
59,67.4,185.26,236.11,3
68,67.6,188.61,241.2,4
54,64.4,187.6,241.82,5
46,58.6,181.26,236.15,6
66,58.4,178.11,231.84,0
58,54.2,172.34,224.69,1
47,56.6,171.89,221.93,2
66,55.8,170.23,218.96,3
42,51.6,164.66,212.4,4
45,57,166.8,212.83,5
85,60,169.59,215.83,6
62,57,167.49,215.06,0
51,58.8,168.38,216.47,1
51,64,174.31,223.05,2
71,57.8,171.21,221.8,3
54,54.8,167.59,218.1,4
47,55.6,166.54,215.99,5
55,60.4,170.65,219.25,6
75,58.6,171.15,220.13,0
62,58.4,171.15,220.29,1
53,61.6,174.18,223.44,2
63,61.2,175.51,225.57,3
53,57.6,172.74,223.46,4
57,60.4,173.89,224.39,5
76,62.4,176.73,227.44,6
63,60.4,176.58,227.89,0
53,66.4,182.87,234.19,1
83,67.4,186.81,239.64,2
62,61.6,183.64,238.03,3
47,63.4,184.54,238.63,4
72,65,186.41,240.51,5
61,62.6,185.08,239.53,6
71,69.4,191.78,245.81,0
96,76.6,202.24,257.55,1
83,70.8,202.09,260.45,2
43,68,200.52,259.94,3
47,62.8,194.66,254.01,4
45,54.6,183.53,241.31,5
55,52.6,176.06,230.12,6
73,58.8,177.47,227.82,0
74,64,182.14,231.2,1
73,71.2,191.35,241.08,2
81,76.4,200.65,253.3,3
81,77.2,205.95,262.86,4
77,80.6,213.18,273.76,5
91,82.2,219.56,283.69,6
81,81,223.21,290.23,0
75,78,224.19,292.6,1
66,75.8,224.14,292.29,2
66,69.2,218.11,285.1,3
58,65.4,211.44,275.62,4
62,63.6,205.45,266.31,5
66,65.4,202.98,260.83,6
75,69.2,204.38,260.47,0
85,76.8,211.51,267.62,1
96,77,214.56,273.08,2
63,78.4,217.7,278.65,3
73,78,219.34,282.6,4
73,73.8,216.56,281.48,5
64,65.4,207.77,272.61,6
54,64.6,203.16,265.38,0
59,64.8,200.85,260.25,1
74,68.8,203.12,260.3,2
93,70.4,205.11,261.73,3
72,72.8,207.66,264.77,4
66,75,210.87,269.24,5
70,70.8,208.13,268.32,6
53,67.8,203.93,264.65,0
78,65.4,199.59,259.73,1
60,62,194.45,253.11,2
49,62.8,192.53,249,3
74,66.8,195.09,249.9,4
73,64,192.83,247.55,5
64,63.8,191.22,245.5,6
59,65.8,191.81,245.82,0
59,62.2,187.84,242.34,1
56,58.4,182.08,236.17,2
54,57.4,178.03,230.71,3
59,59.8,177.98,229.15,4
71,61.2,179.06,229.57,5
66,62.6,180.7,231.24,6
63,63.8,182.26,233.47,0
60,67.6,187,239.1,1
78,67.8,189.71,243.53,2
72,67.2,190.73,246.14,3
63,72.6,197.33,253.7,4
90,73.6,202.38,260.59,5
65,67.2,199.55,259.41,6
46,64.8,196.53,255.99,0
60,68.6,199,257.15,1
82,58.6,190.09,247.93,2
40,54,181.14,236.36,3
42,55.8,177.48,229.26,4
55,54.2,172.86,222.33,5
52,48.2,163.65,211.16,6
52,58.8,168.21,213.08,0
93,65.6,175.64,221.27,1
76,67.8,181.53,229.97,2
66,72,189.23,240.83,3
73,77,198.37,253.76,4
77,71.4,199.03,258.42,5
65,67.6,197.49,258.37,6
57,68.8,198.85,259.44,0
72,69,200.42,260.53,1
74,66.8,200.18,259.48,2
66,66.8,199.91,258.1,3
65,66.6,199.15,256.48,4
56,66,197.87,254.54,5
69,59.6,190.27,246.45,6
42,55.2,181.25,235.7,0
44,59.2,180.19,231.96,1
85,61,180.64,231.16,2
65,58.8,177.94,228.3,3
58,68,185.36,235.34,4
88,70.4,191.13,243.14,5
56,60.8,184.76,239.39,6
37,55,176.37,230.79,0
36,56,172.97,225.38,1
63,49,164.07,214.68,2
53,55.6,166.17,213.5,3
89,58.2,168.66,214.99,4
50,67,178.17,224.81,5
80,67.2,183.21,232.5,6
64,67.2,185.64,237.74,0
53,60,179.85,234.34,1
53,61.4,179.49,233.73,2
57,56.6,175.02,228.8,3
56,55.4,171.73,223.85,4
58,57.2,172.32,222.33,5
62,59.2,173.96,222.81,6
63,64.6,179.81,228.43,0
84,65.6,182.9,233.15,1
61,71.6,190.55,242.68,2
88,73,196,251.23,3
69,70.2,197.28,255.24,4
49,71.8,200.44,259.77,5
92,77,208.33,268.64,6
87,76.2,212.46,274.56,0
84,77.2,216.65,279.9,1
74,80.8,223.24,287.39,2
67,75.4,221.62,287.31,3
65,68.6,214.91,280.39,4
53,65.2,208.05,271.46,5
67,67.2,206.05,266.68,6
84,63.4,200.72,259.46,0
48,65,199.05,255.55,1
73,67.4,199.38,254.73,2
65,65.2,196.65,251.95,3
56,63,192.54,247.62,4
73,70.2,196.76,251.36,5
84,67.4,195.67,251.68,6
59,64.8,193.12,249.69,0
52,70.4,197.8,254,1
84,70.2,199.69,256.92,2
72,60,191.09,249.12,3
33,63.4,190.48,246.58,4
76,69.4,195.45,250.54,5
82,69,197.39,253.23,6
82,72.4,202.25,258.78,0
89,85.4,217.4,275.53,1
98,84,224.18,286.85,2
69,83.6,228.93,295.09,3
80,80.4,229.06,297.75,4
66,76.6,226.39,295.96,5
70,70.6,220.65,289.19,6
68,73,220.51,286.32,0
81,75.8,222.62,286.63,1
94,82.4,230.18,293.49,2
99,84,235.41,300.04,3
78,86.8,240.27,307.02,4
82,88.2,244.48,313.74,5
88,83,241.95,313.59,6
68,73.6,232.19,304.27,0
52,68,222.29,291.89,1
50,62.4,211.81,277.34,2
54,54.8,198,258.69,3
50,51.4,186.18,241.15,4
51,60.2,186.56,236.42,5
96,67.8,191.92,240.39,6
88,68.8,193.93,244.2,0
59,72.6,197.96,250.79,1
69,72.2,199.53,255.61,2
49,65.8,194.82,253.37,3
64,64.6,192.13,250.8,4
82,66.6,193.27,251.18,5
69,64.8,192.76,250.1,6
60,71,199.47,255.68,0
80,71,202.45,259.37,1
64,69.2,202.02,259.91,2
73,69.8,202.61,260.86,3
72,68.4,201.24,259.96,4
53,67.8,199.94,258.7,5
77,73.2,205.13,263.52,6
91,74.2,208.87,268.2,0
78,77.6,214.49,275,1
89,84.8,225.2,287.4,2
89,83.4,229.44,294.95,3
70,80.4,229.72,297.62,4
76,81.6,232.2,300.92,5
84,79.4,231.87,301.16,6
78,75,228.09,297.02,0
67,74.4,226.13,293.34,1
67,72.6,222.93,288.49,2
67,71.8,220.22,283.99,3
80,66.4,212.79,275.02,4
51,68,209.48,269.49,5
75,72.2,210.95,269.62,6
88,71.6,210.41,269.29,0
64,70,208.06,267.37,1
72,76.4,213.08,272.46,2
83,71.2,210.37,271.32,3
49,67.6,205.77,266.9,4
70,69.4,205.34,265.49,5
73,72,207.43,267.07,6
85,70.8,207.58,267.36,0
77,76.4,213.38,273.09,1
77,80,219.61,280.75,2
88,76.6,219.78,283.13,3
56,73.2,217.34,281.61,4
68,68.8,211.61,275.7,5
55,64.4,204.67,267.17,6
55,60.2,196.99,256.77,0
67,64.4,196.62,253.07,1
77,64.2,195.04,249.95,2
67,61.8,191.32,245.27,3
43,61.2,187.86,240.85,4
52,64.8,188.56,240.93,5
85,63.8,187.24,240.19,6
72,60.2,182.82,236.22,0
49,65.4,185.86,238.69,1
69,65.2,187.11,240.59,2
51,62.8,185.85,239.85,3
73,61.4,183.75,237.66,4
65,63,184.24,237.63,5
57,65.6,187.1,240.34,6
82,65.2,188.21,242.01,0
49,68,191.52,245.86,1
87,65.6,190.97,246.4,2
53,63.4,189.19,244.81,3
46,60.4,185.11,240.33,4
67,63.8,186.35,240.37,5
66,57,179.99,233.74,6
53,61,180.93,232.85,0
73,69.2,188.97,240.29,1
87,65,188.34,241.52,2
46,64.2,187.69,241.67,3
62,66.2,189.24,243.62,4
63,66,189.93,245.02,5
72,60.8,185.42,241,6
61,63.6,186.45,240.95,0
60,56.8,179.72,233.92,1
28,50.2,170.32,222.43,2
30,46.4,161.12,209.79,3
53,43.2,151.52,196.64,4
45,45.4,147.69,189.22,5
71,49.2,148.05,187.5,6
47,54.8,152.4,191.7,0
58,53,151.94,193.06,1
44,62.6,161.52,203.97,2
93,62.8,166.1,212.19,3
72,67.4,174.14,223.35,4
70,65.4,177.56,230.08,5
48,66.6,182.16,236.55,6
50,54.6,173.97,229.58,0
33,58.6,174.97,228.23,1
92,58.8,175.43,227.2,2
71,65.8,182.34,233.11,3
83,67,187.18,238.85,4
56,66.8,189.21,242.41,5
32,59,182.84,237.27,6
53,56.8,177.41,230.96,0
60,56.2,173.78,225.74,1
80,64.4,179.43,229.95,2
97,77.6,195.86,246.99,3
98,78.8,205.42,260.74,4
59,79,211.88,271.25,5
61,72.2,209.22,271.93,6
46,65,201.75,265.17,0
61,53.4,186.85,248.52,1
40,47.6,174.01,230.67,2
30,45,164.19,214.8,3
48,45.8,158.75,203.74,4
50,41.2,149.22,190.38,5
38,43,143.51,181.41,6
49,52.8,148.09,184.42,0
79,51.6,147.21,185.47,1
42,51.6,146.44,186.63,2
50,56.6,151.06,192.92,3
63,54,151.5,195.68,4
36,48.6,147.37,192.68,5
52,47.8,145.25,189.78,6
38,51,147.39,190.75,0
66,49,146.8,189.74,1
53,50,147.72,189.89,2
41,57.2,154.63,196.64,3
88,58.6,159.43,203.18,4
45,51.6,155.33,201.08,5
31,49,150.86,196.62,6
40,56.4,156.07,200.82,0
78,57.2,159.6,205.08,1
92,64.8,169.5,215.92,2
83,72.2,182.14,231.27,3
68,74,191.5,244.69,4
49,71.6,195.39,252.3,5
66,68.8,195.59,254.81,6
78,64.8,192.63,252.6,0
63,67,194.64,253.55,1
79,70.6,199.96,258,2
67,64,196.04,254.32,3
33,64.6,195.29,252.12,4
81,69.8,199.5,255.24,5
89,68.6,199.53,255.97,6
73,68.6,199.36,256.41,0
67,74.8,205.54,263.07,1
64,69.4,203.44,262.83,2
54,60.2,194.11,253.67,3
43,52,181.3,238.48,4
32,44.4,166.31,219.29,5
29,39.2,152.72,200.06,6
38,40.4,145.27,186.81,0
60,43.8,142.35,179.97,1
60,49.8,144.96,180.92,2
62,56,150.98,187.83,3
60,62.4,159.04,199.06,4
70,62.8,163.56,208.18,5
62,69.8,174.06,222.55,6
95,69.4,180.44,233.38,0
60,69.4,185.88,241.94,1
60,66.2,187.58,245.45,2
54,66.4,190.24,248.21,3
63,58,184.1,241.69,4
53,60.6,184.08,239.06,5
73,61.2,184.1,237.34,6
63,68.4,190.64,242.89,0
90,67.8,193.04,246.43,1
60,68.8,195,249.69,2
58,67.8,195.12,251.16,3
68,69.2,196.77,253.66,4
70,69.8,198.56,256.32,5
93,74,203.93,262.5,6
81,77.2,210.89,270.81,0
74,73.2,211.08,272.89,1
48,72,210.99,273.22,2
64,68,206.92,269.07,3
73,64.4,201.51,262.38,4
63,67,201.14,259.91,5
87,70.6,204.12,261.72,6
66,70,204.64,262.39,0
61,66.4,201.31,259.26,1
55,61.2,194.08,251.48,2
37,56,184.54,240.26,3
61,55.6,178.74,231.67,4
64,62.6,181.73,232.3,5
96,62.2,182.05,232.6,6
53,69,189.05,239.82,0
71,71.2,194.42,247.29,1
72,72.4,198.36,253.89,2
70,64.8,193.24,251.28,3
58,67.2,193.94,251.92,4
65,60.4,187.93,245.89,5
37,55.4,180.69,236.67,6
47,51.4,173.03,225.77,0
50,57,173.64,222.8,1
86,58.4,174.28,222,2
72,68.4,183.46,231.01,3
87,67.8,186.7,237.05,4
44,66.8,187.48,240.51,5
45,62.2,184.18,238.93,6
63,62.6,183.09,238.02,0
74,58.4,178.81,233.51,1
66,61,179.82,233.01,2
57,62.4,182.01,234.27,3
52,66.6,187.08,239.09,4
84,64.6,187.67,240.63,5
64,65,187.95,241.62,6
68,63.8,186.89,241.2,0
51,61.8,184.43,238.94,1
42,55,176.72,230.7,2
50,49.6,167.35,219.1,3
37,46,158.76,207.04,4
50,46.6,153.88,198.44,5
54,47.6,151.01,192.92,6
47,49,149.41,189.94,0
57,51.6,150.25,190.42,1
50,53,151.23,192.15,2
57,50.4,148.7,190.92,3
41,49.4,146.32,189.11,4
42,46.2,142.13,184.94,5
41,48.4,142.49,184.31,6
61,48.8,143.11,184.44,0
59,51.4,145.99,187.11,1
54,54,150,191.65,2
55,55.6,153.72,196.58,3
49,56,156.15,200.53,4
63,61.2,162.86,208.61,5
85,64.4,170.03,218.02,6
70,69,179.16,229.73,0
78,70,186.13,239.7,1
54,69.2,190.16,246.25,2
59,63.2,187.55,245.14,3
55,62.8,186.82,243.76,4
68,60.4,184.3,240.18,5
66,62.4,185.15,239.4,6
64,62.2,185.31,238.6,0
58,68.6,191.44,244.1,1
87,68.6,194.14,248.05,2
68,68.2,195.02,250.35,3
64,64.2,191.58,248.02,4
44,64.4,190.23,246.52,5
59,55.8,181.28,237.13,6
44,52.2,173.24,226.51,0
50,54.4,170.93,220.88,1
75,58.4,172.69,220.55,2
64,60.6,175.06,222.51,3
70,66.4,181.17,229.42,4
73,69,186.55,237.2,5
63,68.8,189.34,242.86,6
74,67.8,190.59,246.33,0
59,65.4,189.39,246.52,1
58,65,189.59,246.75,2
71,65.2,190.7,247.32,3
64,65.8,192.17,248.23,4
77,70.2,197.35,253.08,5
81,70.8,200.63,257.2,6
61,69.4,200.89,258.56,0
64,71.4,203.15,261.43,1
74,69.8,202.83,262,2
69,62.6,195.82,255.28,3
45,66.4,196.49,254.18,4
80,67.6,197.68,254.57,5
70,62.8,193.39,250.06,6
50,58.4,186.85,242.24,0
47,60.6,185.03,238.33,1
56,55.2,177.79,229.96,2
53,51.8,170.23,220.36,3
53,57,170.49,218.25,4
76,63.4,175.88,223.16,5
79,63.8,178.93,227.64,6
58,65.4,181.94,232.39,0
61,67.4,185.48,237.89,1
63,63.8,184.3,238.68,2
58,61.4,182.25,237.12,3
67,60.4,180.39,234.83,4
53,59,178.55,232.01,5
54,57.8,176.84,228.89,6
57,61.6,179.41,230.06,0
77,66.2,184.52,235.17,1
90,66.8,187.53,239.59,2
56,67.8,190.19,243.81,3
59,66.8,190.65,245.86,4
52,64.4,189.09,245.2,5
65,64,188.43,244.44,6
88,68,192.34,247.93,0
76,73.8,200.34,256.43,1
88,74.4,205.53,263.46,2
55,74.2,208.59,268.33,3
64,71.6,207.98,269.12,4
75,66.2,202.82,264.28,5
49,57.8,192.05,252.19,6
46,57,185.7,242.38,0
51,56.8,181.61,234.96,1
63,53,174.92,225.62,2
56,51.6,169.03,216.98,3
42,53.2,165.99,211.78,4
54,52.6,162.42,207.25,5
48,47.6,154.48,198.86,6
38,43.8,145.87,188.91,0
37,41.8,138.74,179.75,1
32,41.8,134.59,173.36,2
54,43.4,133.09,170.21,3
56,49.4,137.37,173.86,4
68,58.6,148.32,186.01,5
83,62,157.31,198.6,6
49,63,163.53,208.96,0
59,67,171.75,220.75,1
76,72.4,182.8,235.29,2
95,67.4,185.16,241.4,3
58,71.8,192.87,250.49,4
71,73.2,199.58,258.72,5
66,68.6,199.83,260.19,6
53,61.8,194.19,254.16,0
61,59.4,188.98,246.72,1
46,55,181.48,236.55,2
49,56.8,178.9,230.67,3
75,59.4,178.94,228.63,4
66,56.6,174.83,223.99,5
47,57.6,173.52,221.8,6
51,59.6,173.8,221.91,0
59,62.6,176.11,224.91,1
90,61.4,175.96,226.22,2
60,67.2,182.26,233.38,3
76,68.6,187.16,240.29,4
58,67.4,189.49,244.52,5
53,59.2,183.22,239.39,6
49,57.2,178.54,233.4,0
50,52.8,171.88,224.66,1
54,52.6,167.97,217.85,2
57,54.8,167.36,214.83,3
64,51.8,163.05,209.4,4
34,61.2,169.83,214.79,5
97,63.2,174.01,220.51,6
64,64.6,177.29,226.12,0
64,68.8,183.35,234.59,1
85,76.2,194.8,248.81,2
71,69.6,195,252.99,3
64,76,203.42,262.77,4
96,79,211.69,273.11,5
79,77.6,215.65,279.35,6
78,79.8,221.6,286.39,0
82,86.8,232.1,298.15,1
99,82.4,233.84,302.45,2
74,82,235.67,305.2,3
77,82.2,237.4,307.23,4
79,85.8,241.86,311.93,5
100,83.8,243.02,313.83,6
89,89,249.08,320.09,0
100,92,255.24,327.62,1
92,91.6,258.72,332.94,2
77,87.6,257.21,332.81,3
80,82.4,251.38,327.12,4
63,79.8,246.36,320.5,5
87,79.4,243.26,315.16,6
90,82,243.85,313.74,0
90,80.6,241.95,311.07,1
73,85,245.26,313.59,2
85,81.8,242.95,311.98,3
71,76.6,236.21,305.4,4
64,69.6,225.44,293.49,5
55,66.6,216.56,281.79,6
58,69.2,213.94,275.9,0
98,70.6,213.02,273.03,1
78,77,218.17,277.3,2
96,79.6,222.53,282.96,3
68,82.4,227.56,290.08,4
72,80.6,228.14,293.37,5
89,81.8,230.24,297.22,6
84,79.6,229.82,298.2,0
85,80,231.14,299.73,1
70,83.4,236,304.45,2
89,80.6,236,305.04,3
75,77.4,233.41,302.2,4
68,74,228.56,296.32,5
68,72.8,224.56,290.56,6
64,69.8,218.76,283.08,0
74,69.4,214.92,277.17,1
73,66,208.65,269.27,2
51,63.6,202.48,261.07,3
56,66.8,201.59,258.1,4
80,68.6,201.52,257.48,5
83,71.8,204.07,260.37,6
89,75.4,208.71,266.32,0
69,77,212.88,272.57,1
64,74.8,213.26,275.13,2
69,74,213.48,276.42,3
79,71.6,211.65,275,4
77,71.2,210.95,273.74,5
67,75.2,215.01,276.92,6
84,73.4,215.16,277.33,0
60,69.8,211.89,273.93,1
61,69.8,210.16,271.21,2
77,71,209.91,270.16,3
73,69.4,207.65,267.68,4
76,69.4,206.41,265.95,5
60,71.8,207.93,267.1,6
73,68.6,205.44,264.89,0
61,69.6,205.27,264.26,1
78,67.2,202.23,261.16,2
64,69.4,202.8,261.14,3
71,65.8,199.44,257.72,4
55,66.4,198.33,255.76,5
64,68,198.95,255.82,6
86,69.6,200.7,257.56,0
72,71.4,203.3,260.66,1
80,74.4,207.45,265.85,2
70,77.8,213.37,273.33,3
81,76,214.95,277.08,4
77,73.8,214.48,277.82,5
61,71.6,212.46,276.06,6
69,72.2,212.66,275.54,0
73,73,213.67,275.91,1
85,73.4,214.6,276.51,2
79,72.4,214.09,275.86,3
56,72.4,213.82,275.27,4
69,69.2,210.19,271.47,5
57,63.4,202.14,262.62,6
56,66,200.37,258.68,0
92,71.8,204.57,261.66,1
85,71,205.51,263.21,2
65,72.6,207.6,265.94,3
65,74.2,210.2,269.55,4
64,63.4,200.8,261.43,5
38,60.6,193.63,252.59,6
71,61.4,190.21,246.77,0
69,61,187.48,242.18,1
63,67.8,192.79,245.86,2
98,75.2,202.21,255.88,3
75,73.8,205.13,261.67,4
64,73.8,207.24,266.05,5
69,74.2,209.04,269.65,6
65,68.2,204.15,266.26,0
68,68.2,202.97,264.32,1
75,67.6,202.18,262.43,2
61,66.4,200.7,259.77,3
63,66.8,200.49,258.19,4
67,71.2,204.19,261.02,5
90,71.6,205.55,263.13,6
77,72.2,206.87,265.39,0
64,71.8,207.17,266.69,1
61,72,207.57,267.84,2
68,74,210.34,271.04,3
100,73,210.98,272.44,4
72,74.6,213.35,275.12,5
72,81.8,222.16,284.4,6
97,88,233.17,297.54,0
99,86.4,237.69,305.55,1
92,85.2,240.04,310.33,2
66,77.4,234.45,306.08,3
33,69.4,224.54,294.92,4
57,59.2,209.47,276.33,5
48,50.2,192.11,253.28,6
47,44.8,176.56,230.65,0
39,48.2,169.84,216.99,1
50,52.6,167.7,210.73,2
79,62.8,173.97,215.89,3
99,67.4,179.96,224.46,4
70,75.6,190.51,239.14,5
80,75.8,196.51,250.8,6
51,74.8,200.06,258.99,0
74,66.4,195.45,257.31,1
57,62.8,191.62,252.96,2
52,66,194.14,253.19,3
96,69.4,198.99,256.58,4
68,66.6,198.79,256.07,5
60,67.6,199.46,256.12,6
62,70.2,202.03,258.49,0
65,61,193.33,250.61,1
50,61,188.82,244.69,2
68,66,190.79,245.31,3
85,61,186.69,241.24,4
37,58.6,182.54,235.99,5
53,65.2,186.52,238.48,6
83,67.8,190.21,242.75,0
81,60.8,185.18,239.11,1
50,64.4,186.44,239.93,2
55,62.6,184.67,238.59,3
44,56.6,178.42,232.11,4
53,49.6,168.34,220.25,5
46,46.2,158.98,207.67,6
33,40.8,148.1,193.12,0
28,46.2,147.01,187.74,1
71,41.6,139.73,178.73,2
30,51,144.05,181.23,3
93,62,156.33,194.5,4
88,64.6,164.39,206.85,5
41,58.2,162.71,209.81,6
39,60.8,165.86,214.97,0
43,57.6,165.32,216.03,1
77,48.2,156.77,207.62,2
41,53.2,158.58,206.62,3
66,60.8,166.53,213.16,4
77,66,176.21,223.53,5
69,69,184.15,233.78,6
92,77.4,196.53,249.24,0
83,75.6,201.49,258.89,1
57,72.8,203.09,263.69,2
63,70.4,202.6,264.75,3
57,62.2,195.31,257.52,4
51,59.2,190.17,249.62,5
68,54.8,182.99,239.02,6
35,52,175.64,227.84,0
49,53.6,172.19,220.76,1
65,58.8,174.14,220.49,2
77,60.8,175.23,221.81,3
78,65.4,179.67,227.5,4
58,67.4,183.63,233.92,5
59,63.4,181.87,234.88,6
45,57.4,176.04,230.06,0
47,54.8,171.05,224.01,1
65,52.4,166.35,217.32,2
46,48,159.57,208.06,3
37,48.4,156.05,201.43,4
47,49.4,154.06,197.16,5
52,47.4,150,191.85,6
55,45.2,144.59,185.4,0
35,44.2,139.68,179.46,1
32,43.4,135.6,174.42,2
43,44.8,134.46,172.38,3
59,44.6,133.14,170.8,4
54,49.2,136.78,174.35,5
58,54.6,144.02,182.66,6
59,56,149.21,190.27,0
50,53,149.37,192.92,1
44,51.2,148.55,193.22,2
45,47.4,145,189.77,3
39,44.2,140.44,184.04,4
43,41,135.02,176.58,5
34,46.8,137.71,176.72,6
73,44.8,136.49,174.83,0
35,48.6,139.21,176.95,1
58,48.6,139.76,178.24,2
43,49.6,140.72,180.12,3
39,42.2,133.88,174.31,4
36,43.2,131.63,171.05,5
40,37.6,124.71,163.22,6
30,37,120.61,156.92,0
40,36.8,118.02,152.18,1
38,41.6,120.45,153.1,2
60,48.4,127.93,160.7,3
74,51.4,134.15,169.19,4
45,48.8,134.98,172.96,5
27,48.6,135.69,175.52,6
37,46.8,135.21,176.07,0
51,38.8,127.36,168.42,1
34,39.4,124.78,163.6,2
48,46.2,130.08,166.81,3
61,45.2,131.53,168.24,4
32,41.8,128.8,165.64,5
34,45.8,130.99,167.3,6
54,43.8,129.41,166.38,0
38,42.8,127.7,164.84,1
56,42.2,126.06,163.09,2
29,41.2,124.13,160.88,3
29,41.8,124.25,160.28,4
57,42,124.45,159.99,5
39,39.2,121.15,156.59,6
42,42.6,122.78,157.5,0
46,47,127.92,162.77,1
51,48.4,131.56,167.9,2
64,52,137.45,175.46,3
57,56.2,145.16,185.38,4
63,59.6,153.25,196.26,5
63,60.2,159.08,205.08,6
54,59,162.08,210.45,0
58,58.6,164.42,214.07,1
55,59.2,167.46,217.55,2
66,61.4,171.86,222.16,3
74,60.6,173.67,224.57,4
50,63.4,178.01,229.11,5
72,64.8,181.85,233.7,6
62,63.2,182.43,235.31,0
58,60.4,180.16,233.53,1
60,61,179.83,232.76,2
53,58.6,177.33,229.84,3
60,56.4,173.95,225.48,4
51,53,168.65,218.78,5
41,58.6,171.05,219.23,6
88,59.2,172.22,220.21,0
56,56.4,169.6,217.98,1
46,55.2,166.81,215.04,2
45,61.4,171.35,219.12,3
72,56.8,168.84,217.74,4
65,63,173.94,222.87,5
87,67.4,180.93,231.25,6
68,72,189.65,242.26,0
68,69.6,192.78,248.31,1
60,67.6,193.17,250.53,2
55,61.2,187.74,245.77,3
55,64.8,189.41,245.95,4
86,61.2,186.77,242.55,5
50,58,182.01,236.46,6
44,56.2,178.04,230.34,0
46,55.8,174.79,225.01,1
53,48.6,164.9,213.56,2
50,54.6,164.73,210.72,3
80,58,166.76,212.12,4
61,66.4,175.53,221.68,5
88,70.2,183.96,233.02,6
72,76.8,195.11,247.91,0
83,78.4,203.46,260.89,1
88,80.2,211.19,272.6,2
70,76.2,212.83,277.48,3
68,76.6,215.76,281.57,4
74,74.8,217.26,283.24,5
74,69,213.01,278.36,6
59,64.6,207.03,270.1,0
48,61.8,200.63,260.64,1
54,60.2,194.91,251.72,2
66,62.2,192.54,246.67,3
84,61.2,188.98,241.79,4
54,64,188.85,240.82,5
62,66.2,190.31,242.53,6
65,67.4,191.66,244.98,0
72,63,187.78,242.52,1
62,68.4,191.65,246.41,2
81,70.4,195.74,251.57,3
72,69.2,197.19,254.4,4
59,65.8,195.28,253.21,5
55,66.8,195.68,253.2,6
67,60.2,189.49,246.66,0
48,59.2,185.35,240.59,1
67,61,184.41,237.71,2
68,67.6,189.8,242.09,3
88,66.2,191.02,244.22,4
60,72.8,198.05,252.11,5
81,70,198.61,255.12,6
53,68.6,198.09,256.04,0
61,62.8,192.62,251.13,1
59,65,192.24,249.58,2
71,63.4,190.72,247.2,3
73,62,188.74,244.06,4
46,69.2,194.79,248.81,5
97,68.6,196.44,251.4,6
56,64.4,193.38,249.22,0
50,62.2,189.29,245.02,1
62,62.8,187.71,242.62,2
49,52.8,176.57,230.9,3
47,57,175.38,226.64,4
77,59.2,175.85,225.52,5
61,55.4,171.79,220.97,6
43,61,175.19,223.24,0
77,58.4,173.13,221.93,1
34,60.6,174.07,223.18,2
88,67.2,181.1,230.96,3
94,76.2,193.76,245.92,4
88,74.8,199.22,255.7,5
70,82.4,211.77,271.2,6
72,82.6,219.37,282.79,0
89,76.2,218.38,284.96,1
62,70.6,214.26,281.2,2
60,68.8,210.96,276.27,3
61,63.8,204.77,267.71,4
47,55.8,193.6,253.17,5
49,54.6,185.82,240.69,6
56,54.2,179.42,230.43,0
58,51.8,172.31,220.41,1
49,53.6,168.39,214.27,2
56,56,167.02,212.05,3
61,56.8,166.21,211.55,4
60,59,167.6,213.68,5
69,67.2,176.13,223.59,6
90,68.4,181.82,232.5,0
62,69.6,187.26,240.83,1
67,68,189.54,245.55,2
52,73,196.82,254.11,3
94,69.2,197.76,256.87,4
71,67.2,197.34,256.83,5
52,65.4,195.92,254.87,6
58,65.6,195.79,253.55,0
53,57,187.14,243.84,1
51,59,184.19,238.1,2
81,66.8,189.51,241.52,3
91,69.8,194.3,247.02,4
73,73.4,200.38,254.84,5
71,80.4,210.3,267.42,6
86,78.6,214.24,275.27,0
72,74.8,213.73,277.46,1
72,78.4,218.22,282.82,2
91,77,219.67,285.42,3
64,72.2,217.19,283.05,4
62,70.2,214.72,279.17,5
62,70.6,213.58,276.21,6
74,64.4,206.4,267.63,0
60,66.6,204.48,263.19,1
75,66.4,201.86,259.26,2
61,65.4,198.85,255.42,3
57,61.2,192.78,248.55,4
53,59.6,187.24,241.6,5
52,54.8,178.78,231.66,6
51,53.8,172.94,223.48,0
56,54.6,169.83,218.26,1
61,58.2,170.74,217.92,2
71,62.4,175,222.21,3
73,63,177.21,225.91,4
54,69.8,185.16,235.49,5
90,69.2,188.72,242.14,6
58,64.2,186.57,242.36,0
46,61.8,184.01,240.21,1
61,66,187.7,243.07,2
75,65.8,189.65,245.07,3
89,70.2,195.52,250.93,4
80,75.2,203.64,260.12,5
71,78.2,211.03,269.78,6
76,78,215.4,276.78,0
74,76.8,216.88,280.46,1
83,75.8,217.43,282.25,2
75,77.6,220.54,285.67,3
80,76.4,221.73,287.17,4
70,76,222.33,287.66,5
72,72.6,219.72,284.64,6
66,72,217.82,281.53,0
72,72,216.33,278.91,1
80,72,214.98,276.78,2
70,73.6,215.5,276.79,3
80,71.6,213.51,274.87,4
56,71.4,212.25,273.28,5
71,73.8,213.61,274.39,6
92,72,212.27,273.49,0
61,72.8,212.38,273.64,1
84,72.2,211.98,273.34,2
53,69.6,209.26,270.55,3
58,66.6,204.89,265.46,4
77,73,208.89,268.04,5
93,67.2,204.48,264.09,6
55,69.2,204.48,263.23,0
63,72.2,207.16,265.6,1
73,72.6,208.52,267.65,2
79,67.2,203.99,263.88,3
66,73.4,208,267.21,4
86,76.8,213.11,273.14,5
80,79.8,219.08,280.74,6
88,81.8,224.92,288.6,0
89,83.4,229.79,295.74,1
74,81.2,231.33,299.22,2
75,78,229.78,298.52,3
64,71.6,223.05,291.42,4
56,64.8,213.09,279.28,5
55,62.2,205.64,267.88,6
61,62.4,200.82,259.17,0
76,69.6,204.15,259.65,1
100,71.2,205.98,261.45,2
64,75,209.98,266.48,3
74,76.8,213.27,271.96,4
70,75,213.26,274.4,5
67,66.4,205.14,267.81,6
57,65.4,200.8,262.22,0
59,69.8,203.27,262.82,1
96,72.8,207.49,266.41,2
85,78.8,215.81,275.09,3
97,79.4,220.43,281.8,4
60,83.2,227.12,290.54,5
78,79.4,227.02,293.08,6
77,80.6,228.8,296.09,0
91,81.2,230.81,299.04,1
100,86.8,238.64,307.34,2
88,88.8,245.43,315.62,3
88,93.4,254.23,326.19,4
100,92.6,258.72,333.14,5
87,92.6,261.75,338.02,6
100,95,266.56,344.04,0
100,96,270.44,349.35,1
93,92.6,270.12,350.14,2
83,92,270.21,350.06,3
84,88.8,267.55,346.78,4
84,85.6,262.91,340.79,5
84,81.2,255.9,331.79,6
71,75.6,245.9,319.19,0
55,75.6,240,309.78,1
84,72.2,232.3,299.32,2
67,66.2,220.98,285.34,3
54,65.2,212.73,273.8,4
66,66.4,208.2,266.53,5
61,61.8,199.66,256.52,6
61,62.4,194.84,249.79,0
70,71.6,200.36,254.12,1
100,71.8,202.44,257.82,2
67,71.4,203.36,260.51,3
59,72.8,205.32,263.92,4
68,73.8,207.66,267.68,5
75,72,207.85,269.03,6
91,68.4,204.98,266.5,0
49,68.4,203.83,264.54,1
59,68.6,203.86,263.52,2
69,65,200.36,259.13,3
57,59.6,192.5,249.91,4
64,61.4,189.84,244.79,5
58,58,184.19,237.57,6
42,57.2,179.7,231.28,0
65,59.4,178.59,228.7,1
68,62.6,180.38,230.07,2
80,63.4,181.73,232.1,3
62,72.2,191.03,242.43,4
86,70.8,194.18,248.76,5
58,69.4,195.34,252.31,6
61,63.4,191.08,249.27,0
50,68.2,194.26,251.7,1
86,68.8,196.78,254.31,2
89,68,197.8,255.51,3
54,67.8,198.47,256.09,4
60,67.6,198.7,256.14,5
49,62,193.35,250.53,6
58,59.8,187.81,243.64,0
78,67.4,192.1,246.14,1
92,61,187.19,241.7,2
28,59.2,183.43,236.9,3
40,55.4,177.04,229.24,4
39,46.8,164.57,214.85,5
35,35.6,146.28,192.91,6
36,47.4,147.41,188.26,0
87,49,147.2,186.39,1
48,49,146.34,185.3,2
39,51.2,147.64,186.81,3
46,55.2,151.09,191.51,4
56,56.4,154.03,196.6,5
93,60.6,159.93,204.72,6
69,69.2,172.07,219.62,0
82,73.8,184.23,235.88,1
69,72.4,191.62,247.3,2
49,63.2,187.45,246.01,3
47,62.4,186.07,244.15,4
65,65.4,189.02,245.75,5
97,70.4,195.73,251.83,6
94,78,206.87,263.76,0
87,84.6,219.75,279.25,1
80,81.4,223.98,287.42,2
49,81,226.62,292.67,3
95,81.2,228.72,296.55,4
95,76.4,225.76,294.73,5
63,69,218.35,286.49,6
43,76.4,222.63,287.75,0
86,73,220.95,285.13,1
78,69.8,216.78,279.68,2
79,76.4,220.5,281.77,3
96,77.6,222.3,284.16,4
49,66,211.58,274.54,5
28,59,199.24,260.34,6
43,55.8,188.9,246.48,0
63,48.6,175.41,229.16,1
60,49.6,168.77,217.59,2
54,55.6,169.04,214.49,3
58,55,167.07,211.75,4
40,53.8,164.19,208.68,5
57,52.4,159.99,204.61,6
53,51.4,155.74,200.49,0
49,50,152.14,196.65,1
51,55.4,155.68,199.56,2
67,63,164.84,209.53,3
95,65.2,172.38,219.61,4
64,65.8,177.7,227.72,5
52,63.2,178.37,230.86,6
38,61.2,177.64,231.24,0
57,55.4,172.17,225.8,1
66,56,170.55,222.4,2
67,63.8,177.52,227.71,3
91,68,185.28,235.96,4
59,70.8,192.14,244.65,5
71,74.6,199.52,254.54,6
85,77.4,206.56,264.64,0
81,73.6,207.15,268.37,1
72,70.2,205.33,267.92,2
42,74.8,209.95,272.29,3
94,76.2,214.62,277.3,4
92,71.8,213.45,276.62,5
59,64,205.36,267.87,6
33,62.4,199.6,259.48,0
34,52.6,186.08,243.22,1
45,42.4,167.94,220.61,2
41,43.2,157.7,204.3,3
63,48.4,155.54,197.48,4
59,51.2,155.38,195.36,5
48,51.6,153.89,193.91,6
47,52.8,153.08,193.94,0
47,51.6,150.85,193.01,1
57,49.2,147.36,190.35,2
47,47.6,143.74,186.85,3
40,52.4,147.06,189.58,4
71,53,149.96,192.79,5
50,60,158.83,202.16,6
92,61.4,164.71,210.3,0
54,62.6,169.47,217.44,1
46,67,177.06,227.17,2
93,76.8,191.41,244.21,3
99,72.8,195.79,253.05,4
72,74.8,202.08,261.82,5
64,78.8,210.9,272.48,6
66,70.6,208.24,272.01,0
52,59.6,197.45,260.62,1
44,54.2,186.77,246.29,2
45,49.8,176.35,231.06,3
42,44.4,164.54,214.17,4
39,40.8,153.21,197.65,5
34,44.4,148.35,188.32,6
62,49.8,149.27,186.94,0
72,52.8,150.8,188.79,1
57,56.2,153.43,193.36,2
56,59.2,157.58,200.24,3
49,60.2,161.43,207.02,4
67,53.6,157.7,205.82,5
39,50.6,153.94,202.16,6
42,47.8,150,196.92,0
42,47.6,148.28,192.99,1
48,45.2,144.67,187.44,2
55,49.6,146.59,187.38,3
61,50.8,147.94,188.36,4
48,55.6,152.86,193.71,5
66,60.4,159.64,202.35,6
72,59.2,161.84,207.57,0
49,54.6,159.44,207.26,1
38,55.8,160.32,208.39,2
54,56.6,162.09,210.2,3
70,58.4,165.18,213.37,4
81,58,166.99,215.48,5
47,58.8,168.94,217.62,6
42,56.8,168.22,217.15,0
44,51.2,162.23,210.93,1
42,42,149.61,196.8,2
35,44.4,145.17,188.67,3
59,49.8,147.41,188.22,4
69,54.2,151.91,192.23,5
66,55.2,154.68,196.18,6
47,58.6,159.34,202.45,0
52,57.8,161,206.37,1
55,51.4,155.74,202.87,2
37,46,148.14,194.95,3
39,49.6,148.2,192.93,4
65,52.2,151.14,194.53,5
65,50.4,150.72,193.8,6
46,62.2,162.1,204.74,0
96,70.4,175.54,220.91,1
80,73.6,186.12,236.17,2
81,77,195.92,250.83,3
82,78.4,203.78,263.27,4
53,72.8,204.35,267.36,5
68,69.2,203.38,267.13,6
62,64.6,199.39,262.15,0
58,59.4,192.75,253.07,1
56,60.4,190.8,247.37,2
58,58.2,186.37,240.22,3
57,58,182.65,234.2,4
61,62,183.54,233.51,5
78,65,185.67,235.79,6
71,67.2,188.1,239.63,0
69,67.2,189.42,242.82,1
57,67.2,190.44,245.42,2
61,64.4,188.75,244.83,3
64,64.8,189.09,245.08,4
73,60.8,185.41,241.21,5
49,58.4,181.55,236.03,6
45,53.8,174.97,227.55,0
38,49,166.23,216.17,1
40,44.4,156.18,202.87,2
50,47.8,153.09,196.17,3
66,50,152.1,193.34,4
56,51.2,151.58,192.42,5
44,56,155.48,196.69,6
64,57.2,158.02,201.07,0
56,51.8,154.12,199.18,1
39,48.8,149.54,194.89,2
41,49.2,147.85,192.34,3
46,50.4,148.31,191.9,4
70,51.8,150.23,193.22,5
63,54.6,153.85,196.82,6
53,57.6,158.63,202.4,0
56,61.2,164.83,210.12,1
64,57.2,164.01,211.64,2
50,61,167.91,216.51,3
82,62.6,172.13,222.06,4
61,62,174.57,225.8,5
53,59.8,174.41,226.38,6
53,60.2,175.34,227.15,0
52,59.8,175.7,227.24,1
80,57.2,173.37,224.56,2
48,53.8,168.72,218.97,3
36,53,165.1,213.78,4
49,52.2,162.28,209.32,5
48,47.4,155.25,200.95,6
56,53,156.56,200.19,0
76,65.2,168.43,211.85,1
97,68.6,177.49,224.12,2
66,71.4,185.5,236.1,3
62,70.8,189.95,244.51,4
53,68,190.79,248.16,5
62,61,185.63,244.09,6
62,59.2,182.21,239.28,0
57,57.2,178.77,233.72,1
52,57.4,177.7,230.02,2
54,56.2,175.48,225.73,3
56,54.8,171.7,220.43,4
55,53.4,167.41,214.86,5
50,56.6,167.35,213.72,6
68,59,168.76,215.3,0
66,60.6,170.67,218.25,1
64,64.4,175.81,224.65,2
74,69.8,184.12,234.96,3
77,68,187.21,241,4
59,66.6,188.39,244.11,5
59,64,187.31,243.92,6
51,64.8,188.35,244.65,0
78,69.4,194.01,249.88,1
100,72,199.61,256.23,2
72,73.8,204.69,262.65,3
68,75.2,209.29,268.77,4
58,69.4,206.28,267.35,5
49,58.8,194.44,255.38,6
47,55,184.88,242.71,0
53,50.6,174.95,228.88,1
46,54.8,173.28,222.86,2
79,55.6,171.85,219.09,3
53,55.8,170.03,216.21,4
48,56.6,168.83,214.7,5
57,57.4,168.03,214.27,6
50,48.8,158.15,205.27,0
36,46.6,150.85,196.64,1
42,50,150.45,194.17,2
65,47.8,147.52,190.33,3
46,56.4,154.66,196.3,4
93,60.8,161.92,204.94,5
58,64.2,169.13,214.77,6
59,63.8,172.95,221.74,0
63,69.4,181.28,232.52,1
74,69.4,186.11,240.55,2
93,76.6,197.6,254.27,3
94,79.6,207.89,267.68,4
74,80.8,215.81,278.74,5
69,81.8,222.86,288.16,6
79,73.2,218.92,286.15,0
50,63,207.85,274.19,1
43,57.8,197.29,259.82,2
48,54.8,188.42,246.08,3
54,47,174.63,227.65,4
40,49,168.31,215.83,5
60,51.4,164.95,208.96,6
55,55.8,165.5,208.04,0
70,59.2,167.46,210.68,1
71,67.2,175.26,220.6,2
80,65.8,177.82,227.13,3
53,66.8,181.37,233.6,4
60,66.6,184.04,238.54,5
69,65,184.86,240.82,6
63,63.4,185.2,241.37,0
72,64.8,187.48,243.07,1
60,68,192.19,247.41,2
76,72.2,198.9,254.61,3
90,71.2,201.58,258.83,4
58,71.8,203.61,262.13,5
75,79,212.35,271.9,6
96,76.2,214.27,276.36,0
62,69.6,209.62,273.12,1
57,66.4,204.93,267.58,2
42,62.2,198.65,259.31,3
54,50.6,183.62,241.44,4
38,48.2,172.85,225.45,5
50,49.8,167.06,214.82,6
65,55.6,168.15,212.71,0
71,57.2,168.69,212.69,1
62,65,175.2,220.07,2
77,67.4,180.2,228.16,3
62,68.6,184.45,235.8,4
71,73.8,192.5,246.91,5
97,77.2,200.93,258.88,6
79,73,203.14,264.31,0
56,70.8,204.03,266.32,1
51,66.6,201.5,263.53,2
50,60.8,194.86,255.32,3
68,57,187.87,245.27,4
60,56.6,182.96,236.89,5
54,57.6,180.36,231.47,6
56,60.6,180.97,230.34,0
65,56,175.38,224.6,1
45,54,169.6,218.1,2
50,62.2,174.19,221.67,3
95,60.4,173.85,222.66,4
47,62.2,175.65,225.45,5
74,64,178.76,229.66,6
54,65.8,182.71,234.84,0
59,60.2,179.64,233.14,1
67,61.4,179.86,233.01,2
53,62,180.39,233.35,3
77,59.4,178.49,231.26,4
41,64.6,183.17,235,5
85,65,185.26,237.75,6
69,72.2,193.87,247.11,0
89,66.6,192.74,248.43,1
49,75.2,201.44,257.92,2
84,69.8,200.49,259.53,3
58,72.4,203.97,263.66,4
82,72,205.78,266.29,5
87,79.8,215.08,276.02,6
88,81.8,222.51,285.47,0
94,85.4,230.6,295.87,1
76,79.2,229.57,297.44,2
51,76.8,227.36,295.81,3
75,76.2,226.62,294.31,4
85,73.4,223.04,289.9,5
80,73,221.27,286.49,6
74,75.6,222.67,286.39,0
64,74,221.58,284.74,1
67,68.4,214.77,277.46,2
57,63.8,206.23,267.29,3
57,63.4,200.35,259.06,4
72,62.4,195.62,252.23,5
59,59.8,189.8,244.65,6
54,59.6,185.78,238.8,0
56,63,186.37,237.96,1
74,62.8,185.61,237.16,2
71,62.8,184.49,236.41,3
59,62,182.74,235.14,4
50,60,179.93,232.51,5
46,58.4,177.09,229.19,6
66,61.2,178.26,229.52,0
85,64.6,181.98,233.23,1
76,74.2,193.61,245.75,2
98,82,207.6,262.96,3
85,85.2,218.64,278.87,4
82,78.2,218.82,283.82,5
50,75.8,218.32,285.13,6
64,72.6,216,282.95,0
82,71.2,214.34,280.04,1
78,69.2,212.08,275.94,2
72,72.6,214.4,276.11,3
67,72.2,214.87,275.64,4
62,69,211.21,271.55,5
66,73,212.48,272.05,6
98,77.4,216.49,276.64,0
94,80.6,221.86,283.67,1
83,80.6,224.98,289.09,2
62,80.2,227.01,292.93,3
64,73.4,222.03,289.09,4
64,70.6,217.54,283.52,5
80,67,211.44,275.55,6
65,72,213.06,274.6,0
87,70.4,211.92,272.46,1
56,71.4,211.93,271.64,2
69,68,207.86,267.37,3
63,64.4,201.6,260.39,4
47,60,193.37,250.75,5
65,67.4,195.73,250.95,6
93,65.6,194.46,249.68,0
60,65.2,193.38,248.48,1
61,70.2,197.91,252.79,2
72,71.6,200.99,257.14,3
72,70.6,201.77,259.49,4
88,75.6,207.37,266.2,5
85,81.4,216.44,277.22,6
90,78.6,219.17,282.89,0
58,76.4,219.99,285.19,1
61,73.8,218.24,283.89,2
75,76.4,220.65,285.63,3
98,71.8,217.59,282.35,4
67,74.6,218.88,282.41,5
72,75.2,219.89,282.97,6
64,79.6,224.94,287.85,0
97,79,226.58,290.63,1
95,82.4,230.61,295.79,2
84,83.2,233.75,300.62,3
76,89.8,242.57,310.96,4
97,87.2,245.19,316.26,5
84,80.8,241.02,313.7,6
63,74.4,233.74,305.63,0
52,69.2,224.97,294.22,1
50,64.2,215.13,280.63,2
72,66.2,210.94,272.19,3
94,68,209.31,267.69,4
72,67.8,206.9,263.93,5
51,69,205.89,262.26,6
56,65,199.92,256.64,0
52,62.2,193.45,249.77,1
80,64.4,191.92,247.18,2
83,68.2,194.53,249.39,3
70,68.8,196.38,251.95,4
59,66.6,195.61,251.95,5
41,59.4,188.17,244.63,6
44,56.2,181.13,235.84,0
67,54.6,175.37,227.67,1
62,53.6,170.47,220.46,2
54,56.4,170.16,218.09,3
55,56.6,169.59,216.66,4
45,47.2,159.26,206.07,5
20,40.6,146.72,191.31,6
29,38,136.48,177.61,0
41,35.8,127.52,165.26,1
44,33.6,119.63,154.2,2
34,35.2,115.97,147.68,3
28,39,116.56,146.69,4
48,40.6,117.36,147.6,5
49,39.8,115.99,147.32,6
40,41.6,116.52,148.9,0
43,55,130.44,164.02,1
95,60.4,143.34,181.13,2
75,69.8,160.74,203.51,3
96,70.8,172.48,221.41,4
45,76,186.31,240.17,5
69,65.8,185.43,243.94,6
44,60,181.5,240.76,0
46,56.6,177.43,234.89,1
79,59.4,178.94,233.32,2
59,54.2,174.64,226.85,3
43,58.4,175.92,225.44,4
65,57,174.18,222.68,5
39,49,164.15,212.08,6
39,53.6,162.94,208.67,0
82,54.8,161.7,207.02,1
49,53.8,159.91,205.36,2
60,56,161.24,206.64,3
50,61.2,167.13,212.99,4
65,63.8,172.44,220.2,5
95,73,185.15,235.1,6
95,77,195.91,250.04,0
80,81,206.75,265.32,1
70,80.8,214.35,277.03,2
64,70.6,209.68,275.35,3
44,57.4,195.82,260.83,4
29,46.8,179.07,239.39,5
27,39.2,162.38,215.59,6
32,35.2,148.02,193.45,0
44,42.4,145.54,183.89,1
80,49.2,147.75,183.01,2
63,54.2,151.48,187.12,3
52,55.4,152.86,191.18,4
38,59.8,157.1,198.63,5
66,49,148.69,194,6
26,40,136.82,182.27,0
18,35.4,126.96,169.46,1
29,35.4,122,160.29,2
38,40.2,123.86,158.44,3
90,47,130.33,163.44,4
60,53.8,139.35,173.61,5
52,59.4,149.02,186.55,6
57,61.2,156,198,0
47,51,149.78,196.13,1
39,48.4,145.84,192.74,2
47,50.4,146.96,192.7,3
62,55.6,153.39,198.13,4
83,65.2,166.75,211.81,5
95,70.2,178.96,226.79,6
64,80,195.8,247.45,0
96,84.6,209.85,267.15,1
85,81.2,215.06,278.22,2
66,72.8,211.23,278.02,3
53,69.2,208.22,274.84,4
46,65.2,204.02,268.61,5
76,64.4,201.61,263.02,6
81,64.2,199.93,258.33,0
65,69.4,203.32,259.48,1
79,70.8,205.52,261.45,2
53,61.4,196.2,252.99,3
29,54.2,183.6,239.18,4
45,56.4,178.57,231.21,5
76,53,171.73,222.31,6
62,49.8,164.34,212.63,0
37,52.8,162.9,208.6,1
44,56.6,164.92,209.43,2
64,53.4,161.97,206.85,3
60,55.6,161.89,206.83,4
73,63,168.39,214.14,5
74,72,180.93,229.15,6
89,68.8,185.11,237.61,0
48,68.4,188.09,243.43,1
58,65.2,187.75,244.79,2
57,61,184.69,241.79,3
53,55.4,178.04,233.77,4
61,60.8,179.96,232.94,5
75,68,187.95,239.7,6
94,65,188.85,241.64,0
42,67.4,191.72,245.08,1
65,67,192.1,246.76,2
59,57.6,183.17,238.79,3
28,46.2,167.43,221.44,4
37,49.6,162.53,212.01,5
59,46.8,156.11,202.37,6
51,45.2,150.76,193.86,0
51,52.2,153.66,194.17,1
63,60.6,161.68,202.4,2
79,61,165.61,209.14,3
61,63.8,170.35,216.86,4
65,71.6,180.74,230.47,5
90,75.4,190.97,245.01,6
82,72.6,195.68,253.76,0
65,71.2,198.34,258.72,1
54,76.8,207.01,268.21,2
93,69.8,205.79,268.41,3
55,65,201.43,263.37,4
58,65.2,199.42,259.31,5
66,65.8,198.88,256.85,6
57,59,191.43,248.04,0
59,60.8,188.64,242.8,1
64,61.2,186.33,239.06,2
60,61,184.31,236.2,3
65,59,180.74,232.14,4
47,54.8,173.68,224.58,5
38,51.2,166.29,215.71,6
46,49,159.91,207.12,0
49,45,151.71,196.67,1
45,43.4,144.85,187.2,2
39,43.6,140.86,180.67,3
39,41.8,135.75,173.88,4
37,42.6,132.87,169.56,5
53,45.4,133.1,169.14,6
59,50,137.03,173.53,0
62,50.8,139.6,177.86,1
43,52,142.46,182.51,2
43,49.8,142.16,183.93,3
42,54.6,147.6,190.01,4
83,60.2,156.41,200.26,5
90,68.4,169.75,216.14,6
84,74.2,183.55,233.95,0
72,78,196.04,251.07,1
61,72.8,199.03,258.54,2
57,66.2,195.75,257.29,3
57,61.8,191.06,251.91,4
62,57.4,184.88,243.4,5
50,53.2,177.91,232.95,6
40,51.8,172.39,223.44,0
50,55.6,172.21,219.79,1
76,57.2,171.99,218.19,2
70,61.4,174.68,220.86,3
71,66.2,179.65,227.45,4
64,65.8,181.68,232.29,5
48,62.2,179.83,232.69,6
58,63.6,181.07,234.64,0
77,65.4,184.05,238.15,1
80,65,185.92,240.61,2
62,67.8,190.45,245.34,3
62,70,195.22,250.88,4
69,64.4,192.54,249.34,5
49,58.8,185.98,242.34,6
52,56.6,180.14,234.63,0
51,53,173.05,225.27,1
44,50.4,166.45,215.85,2
56,59.8,171.55,218.1,3
96,66,179.05,225.9,4
83,68.6,185.17,234.36,5
64,72.4,192.15,244.35,6
63,76.2,199.75,255.52,0
75,73.4,201.94,261.42,1
82,70.2,201.51,262.95,2
67,66,198.33,260.03,3
43,62.8,194.59,254.83,4
47,65.2,195.76,253.49,5
87,65,195.46,251.75,6
81,65.6,195.35,250.69,0
70,70.4,199.64,254.56,1
67,74,204.8,260.84,2
65,68.8,201.89,260.14,3
61,63.4,195.54,254.37,4
54,64.6,193.76,251.43,5
76,67,195.19,251.85,6
79,67,195.98,252.35,0
65,68.2,197.49,253.79,1
67,70,200.13,256.68,2
63,71.4,202.97,260.22,3
83,68.4,201.25,259.6,4
64,69.8,201.68,260.33,5
72,71.2,203.58,262.58,6
74,78.2,212.14,271.56,0
98,75,213.53,275.03,1
67,76,215.95,278.5,2
69,80.2,221.92,285.3,3
93,79.8,224.94,289.94,4
72,75.6,222.9,289.11,5
77,73.8,220.62,286.61,6
58,73.6,219.74,284.71,0
68,65.4,211.07,275,1
52,64.8,206.01,267.04,2
69,68.4,205.73,264.28,3
95,69.4,205.86,263.38,4
63,68.6,204.53,261.86,5
64,70.6,205.11,262.48,6
62,73,207.3,265.36,0
81,72.4,207.85,267.17,1
92,70.6,206.57,266.82,2
54,69.6,205.04,265.57,3
59,68.8,204.16,264.29,4
58,61.8,196.91,256.37,5
46,60.8,192.04,249.23,6
87,69.2,197.26,252.21,0
96,74.2,204.18,259.5,1
84,77.2,210.51,267.85,2
73,80.6,217.31,277.37,3
63,79.4,220.18,283.35,4
81,79.8,223.06,288.34,5
98,80.6,226.16,292.93,6
88,80.6,228.52,296.43,0
73,81.4,231.9,300.24,1
67,78.6,231.84,300.36,2
67,70.6,224.02,291.97,3
58,64.6,214,279.4,4
58,61.4,204.97,266.6,5
57,59.6,197.17,255.01,6
58,60.2,192.48,246.99,0
70,57.2,185.62,237.95,1
43,56.2,179.83,230.12,2
53,53.4,172.7,221.45,3
43,50.8,165.06,212.31,4
45,48.2,157.35,203,5
57,51.8,156.29,200.08,6
61,52.4,155.57,198.82,0
56,55.2,157.6,200.86,1
57,57,160.15,204.29,2
54,56.8,161.09,206.62,3
56,58.2,163.3,209.95,4
68,66,172.47,220.3,5
95,73.2,184.8,235.41,6
93,74.4,193.42,248.1,0
60,77.2,202.45,260.56,1
70,81.2,212.41,273.7,2
88,81.4,219.24,283.73,3
96,80.8,223.66,290.49,4
90,79.8,226.33,294.46,5
55,80,229.22,297.64,6
71,78.4,230.08,298.35,0
80,76,228.38,296.05,1
84,71.4,222.76,289.31,2
67,71,219.39,283.8,3
53,76,221.98,284.5,4
96,74.4,220.7,283.2,5
72,70.2,215.58,278.02,6
63,69.6,212.13,273.56,0
64,73.6,213.84,274.28,1
73,65.6,206.05,266.8,2
56,70.6,207.04,266.29,3
97,74.8,211.14,270.24,4
84,74.4,212.93,273.06,5
62,79,218.75,279.79,6
96,87.4,229.91,292.97,0
98,80.2,228.88,295.73,1
61,75,224.75,292.85,2
58,73.4,221.84,289.12,3
54,66.8,213.58,279.49,4
63,65.6,208.78,271.53,5
92,68,207.89,267.67,6
73,74.8,213.15,271.34,0
92,77.8,218.21,277.11,1
69,78,220.6,281.39,2
64,76.2,219.44,282.32,3
83,78,221.22,285.22,4
82,78,222.6,287.69,5
92,79.8,225.57,291.44,6
78,84.2,232.42,299.02,0
86,80,232.48,300.57,1
62,75.2,228.58,296.8,2
58,71.6,222.99,289.99,3
74,68.6,216.77,281.71,4
63,62,206.44,268.89,5
53,62.6,201.21,259.98,6
65,67.2,201.79,257.79,0
81,68.8,202.5,257.75,1
82,71.8,205.02,260.62,2
78,76,209.59,266.72,3
74,80,215.91,275.54,4
85,79,218.72,281.42,5
76,77.6,219.77,284.63,6
75,74.6,218.28,284.21,0
63,72.8,216.97,282.47,1
65,71.4,215.4,279.72,2
78,72.6,215.69,278.61,3
82,74.8,217.86,279.88,4
86,78.8,222.69,284.67,5
83,81.8,227.83,291.02,6
80,79.4,227.93,293.16,0
66,76.6,225.68,292.02,1
68,74.2,222.49,288.85,2
74,74.4,221.35,286.83,3
84,76.8,223.21,287.83,4
92,79,226.41,290.85,5
77,79,228.11,293.05,6
68,83.2,233.32,298.77,0
95,83.6,236.22,303.24,1
86,83.6,237.84,306.43,2
92,83.2,238.81,308.55,3
75,83.2,239.95,310.3,4
68,79.2,237.15,307.74,5
75,72.2,229.21,298.82,6
51,68,220.89,287.79,0
71,68.8,216.71,280.19,1
79,68.8,213.57,274.5,2
68,66,207.91,267.19,3
61,68.2,206.29,263.88,4
62,68.2,204.37,261.4,5
71,66,200.42,257.37,6
68,66,197.72,254.34,0
68,71.6,201.49,257.9,1
89,72.6,204.38,261.96,2
67,72.6,206.35,265.24,3
71,74.8,209.88,269.85,4
79,79,216.2,277.52,5
89,72.8,213.91,277.22,6
58,71.2,211.89,275.27,0
59,68.8,208.73,271.42,1
59,71.8,210.4,271.64,2
94,66.8,206.15,266.82,3
64,67.6,204.47,263.68,4
62,67,202.49,260.67,5
56,67.6,201.69,259.02,6
62,63.8,196.88,253.85,0
75,65.4,195.28,251.34,1
72,64.2,193.02,248.6,2
56,65.4,192.8,247.84,3
62,64.6,191.7,246.61,4
58,65.6,191.69,246.51,5
80,68.4,194.59,249.52,6
86,73.8,201.33,257.14,0
83,76.6,207.72,265.68,1
76,84.6,219.5,280.05,2
98,88.4,230.37,294.85,3
99,83,231.84,300.45,4
59,77.4,228.83,299.12,5
55,76.2,227.2,296.86,6
70,72.2,222.96,291.21,0
78,71.6,220.48,286.31,1
96,75.8,223.12,286.68,2
80,79.4,227.32,290.26,3
73,77.4,227.12,290.78,4
60,75.8,224.89,289.12,5
70,71.2,218.58,283.06,6
73,68.4,212.59,276.02,0
66,65.6,206.62,268.26,1
59,69.6,207.05,266.5,2
80,67,204.2,262.81,3
57,65.2,200.75,258.28,4
64,67.2,200.24,256.64,5
76,72.4,204.17,260.41,6
85,66.4,199.71,257.35,0
50,66.6,197.8,255.34,1
58,69.8,200.04,257.3,2
80,66.6,197.96,255.72,3
60,60.6,191.32,248.7,4
55,59.8,186.82,242.4,5
46,63.4,187.73,241.43,6
76,60.4,184.72,237.8,0
65,61.6,184.02,236.17,1
66,61.8,182.92,234.85,2
56,63,183.58,235.4,3
52,59.4,180.04,232.2,4
58,57.8,176.26,228.02,5
57,60,176.33,227.26,6
77,59.2,175.59,226.23,0
52,60.8,176.81,227.11,1
60,63.2,179.4,229.96,2
70,67.2,184.89,236.27,3
77,67.6,188.17,241.33,4
79,66.8,189.52,244.32,5
48,67,190.83,246.69,6
61,64.2,189.37,245.87,0
56,59.2,184.26,240.35,1
52,54.4,176.95,231.28,2
55,60.8,179.48,230.93,3
80,59.8,178.92,229.57,4
56,56.4,174.86,225.02,5
39,57.8,173.61,222.78,6
59,54.8,169.28,218.08,0
40,48.4,160.26,208.2,1
48,44.6,151.25,196.98,2
37,50.8,152,194.92,3
70,50,150.69,192.85,4
55,60.6,160.53,202.18,5
93,64.4,168.35,212.61,6
67,67.4,175.72,223.49,0
52,65.4,178.47,229.84,1
60,59.8,175.21,228.93,2
27,50.8,165.62,219.41,3
48,53.2,164.11,215.03,4
79,54.4,164.61,213.16,5
58,44.24,154.15,201.25,6
9.2,50.44,155.1,198.56,0
58,50.04,153.36,195.55,1
46,47.64,149.02,190.68,2
67,47.44,145.6,186.65,3
57,61.8,157.42,198.11,4
81,57.8,158.95,203.01,5
38,67.6,170.93,217,6
95,63.4,173.15,223.15,0
46,66.8,178.84,231.1,1
74,65.4,182.03,236.23,2
74,71,190.03,245.34,3
66,69,192.96,250.18,4
85,78.6,205.54,263.55,5
94,78.8,213.17,273.79,6
75,74,212.71,275.87,0
50,74.2,214.25,277.84,1
67,66.6,207.37,271.18,2
47,61.4,199.47,261.21,3
68,58.8,192.47,250.95,4
62,58.8,188.34,243.33,5
50,54.8,180.89,233.3,6
47,61.8,183.35,232.89,0
82,65,185.75,235.24,1
84,68,189.1,239.99,2
77,75.8,198.57,251.63,3
89,84.4,211.94,268.94,4
90,81.6,217.22,279.56,5
68,71.4,211.81,277.61,6
33,65.6,205.07,270.5,0
48,63.8,200.5,263.36,1
80,56.4,191.13,250.83,2
53,61,190.33,245.65,3
91,67.4,195.1,247.97,4
65,69.8,198.98,251.95,5
60,67.2,197.53,251.89,6
67,72.6,201.32,256.77,0
80,61.8,192.06,249.78,1
37,56.6,183.11,239.91,2
39,56.8,178.82,233.04,3
61,58.4,177.65,229.59,4
75,57.8,176.46,226.82,5
77,64,181.45,230.68,6
68,68.6,187.61,237.81,0
62,66.6,188.43,241.03,1
51,68.6,191.38,245.59,2
85,65.8,189.8,245.9,3
63,65.4,189.73,246.35,4
66,65.2,190.27,246.77,5
61,69.4,195.13,251.28,6
72,62,190.36,247.17,0
48,62.6,189.23,244.72,1
66,67.6,193.09,247.54,2
91,71.4,198.16,253.19,3
80,68,197.51,254.14,4
55,71.2,200.66,257.94,5
64,67.6,198.99,257.35,6
48,57.2,188.2,246.53,0
39,51.6,177.34,232.83,1
52,56.4,175.55,227.11,2
79,58.8,176.3,225.64,3
76,59.8,176.97,225.51,4
53,59.8,176.51,225.12,5
39,66.2,181.95,231.02,6
84,67.6,185.9,237.04,0
86,60.4,180.6,234.17,1
40,58.6,176.71,230.42,2
44,64.8,181.66,234.39,3
70,56.6,176.38,229.49,4
43,54.8,172.15,223.74,5
77,66.2,181.01,230.69,6
97,70.4,189.06,240.05,0
65,69.4,192.54,246.07,1
65,72.8,197.96,253.63,2
60,76.6,204.84,263.01,3
96,66,198.99,259.86,4
44,61.8,193.22,253.39,5
44,57.2,185.46,243.6,6
42,61,185.7,240.51,0
79,51,175.5,228.3,1
46,50.6,168.89,218.09,2
42,51,164.32,210.61,3
46,53.2,162.92,207.25,4
53,48.8,156.31,200.14,5
57,50.2,153.03,195.99,6
53,51.6,152.35,194.87,0
49,55.8,155.77,198.48,1
67,60.4,162.05,206.04,2
76,62,166.57,213.09,3
65,62,170.12,218.95,4
53,68,178.81,229.36,5
79,69.6,185.54,238.75,6
75,65.6,185.91,241.67,0
56,62.4,184.49,240.9,1
49,60.8,182.97,238.65,2
45,54.6,176.35,230.68,3
48,52.2,170.48,222.07,4
63,51.2,165.65,214.35,5
51,49.8,160.84,207.07,6
42,48,155.72,199.81,0
36,52.4,156.07,198.43,1
70,54.4,156.88,199.3,2
73,57.6,160.04,203.38,3
67,63.8,167.72,212.82,4
73,67.4,175.35,223.59,5
54,68,180.97,232.62,6
73,64,181.14,235.53,0
53,57.4,175.91,231.16,1
34,52.4,169.2,222.97,2
48,50.8,164.57,215.32,3
46,45.2,155.99,203.74,4
45,44.4,150.17,194.14,5
49,50.2,151.73,192.56,6
63,52,152.59,192.83,0
57,54,153.91,194.83,1
56,57.8,157.68,200.09,2
64,57.6,159.31,204.06,3
48,55.8,159.01,205.62,4
54,52.6,156.44,203.86,5
41,53.8,156.82,203.83,6
62,51.8,155.57,202.13,0
54,53.6,157.15,202.7,1
57,55.6,159.59,204.8,2
64,58.6,163.74,209.27,3
56,54.2,161.43,208.11,4
40,52,158.11,204.83,5
43,50,154.32,200.38,6
47,49.8,152.04,196.94,0
63,50.8,151.75,195.54,1
61,50.8,151.19,194.43,2
40,56.8,156.86,199.7,3
73,61.2,163.8,207.96,4
69,59.6,165.82,212.44,5
55,60.2,167.79,216.23,6
64,66.4,175.73,225.52,0
71,65.8,179.81,232.01,1
70,67,184.29,238.19,2
75,65.4,185.97,241.24,3
47,62.4,184.75,240.47,4
49,58,180.51,235.49,5
49,55.4,175.67,228.82,6
57,52.4,169.63,220.57,0
60,59,172.74,221.07,1
80,59,173.49,221.41,2
49,59.6,173.73,221.92,3
52,57.6,171.58,220.33,4
47,56.8,169.39,218.28,5
56,51.667,162.9,211.69,6
